ticker,metric,value,source_url,as_of,note
KODK,one_off,true,https://www.barchart.com/story/news/36418074/kodak-completes-pension-reversion-process-delivering-over-1-billion-to-strengthen-balance-sheet-fully-fund-new-benefit-plan-and-accelerate-growth,2025-12-31,"zwrot nadwyżki planu emerytalnego KRIP: 767 mln USD dla spółki, w tym 609 mln USD gotówki"
KODK,exclude,F1: FCF TTM (464 mln USD) zawiera jednorazowy zwrot z planu emerytalnego KRIP (609 mln USD gotówki); bez niego FCF nie jest dodatni,https://investor.kodak.com/node/21436,2026-06-30,komunikat wynikowy II kw. 2026: przepływy operacyjne +5 mln USD r/r
INOD,atm,true,https://www.sec.gov/Archives/edgar/data/0000903651/000110465926092131/tm2622086-4_424b5.htm,2026-08-06,S-3ASR i prospekt 424B5 at-the-market z umową sprzedaży (8-K z 6.08.2026)
EBS,rev_growth,0.66,https://www.biospace.com/press-releases/emergent-biosolutions-reports-second-quarter-2026-financial-results,2026-06-30,"komunikat spółki: przychody II kw. 2026 234,3 mln USD, +66% r/r (Yahoo: 226,8 mln USD, +74%)"
EBS,top_customer_share,0.46,https://www.sec.gov/Archives/edgar/data/1367644/000136764426000015/ebs-20251231.htm,2025-12-31,10-K 2025: rząd USA ok. 46% przychodów
EBS,dilution,true,https://www.sec.gov/Archives/edgar/data/1367644/000119312525175438/d926581ds3.htm,2025-08-07,"shelf S-3 na 250 mln USD (7.08.2025) i umowa ATM z 2023 r. (140,9 mln USD niewykorzystane); skuteczności S-3 nie potwierdzono, przyjęto ostrożnie jako aktywny"
AMSC,dilution,true,https://www.sec.gov/Archives/edgar/data/880807/000119312525139243/d795155d8k.htm,2024-08-12,"shelf S-3 nr 333-281496 skuteczny od 12.08.2024 (do 2027), użyty do emisji 115,5 mln USD w czerwcu 2025"
AMSC,one_off,true,https://ir.amsc.com/news-releases/news-release-details/amsc-reports-fourth-quarter-and-fiscal-year-2025-financial,2026-03-31,"rozwiązanie odpisu na aktywa podatkowe: 113,1 mln USD w III kw. FY2025 (w zysku TTM); FCF bez zmian"
BAND,dilution,true,https://www.sec.gov/Archives/edgar/data/0001514416/000151441626000045/q22026exh991convdebtpricin.htm,2026-06-18,"emisja obligacji zamiennych 0% 2032 na 316,3 mln USD, cena konwersji 72,64 USD; hedging arbitrażystów zawyża short interest"
BAND,one_off,true,https://www.sec.gov/Archives/edgar/data/0001514416/000151441626000057/band-20260630.htm,2026-06-30,"zysk z wykupu obligacji 2028: 12,4 mln USD w I półroczu 2026 przy zysku netto TTM 2,3 mln USD"
ALLT,dilution,true,https://www.sec.gov/Archives/edgar/data/1365767/000121390025057818/ea0246875-424b5_allotltd.htm,2025-04-03,"shelf F-3 skuteczny od 3.04.2025 (do 2028), użyty do emisji 5 mln akcji po 8 USD w czerwcu 2025"
TASK,dilution,true,https://www.sec.gov/Archives/edgar/data/1829864/000119312524175614/d843284ds3.htm,2024-07-05,shelf S-3 nr 333-280707: do 500 mln USD emisji i odsprzedaż 70 mln akcji przez głównych akcjonariuszy
TASK,legal,true,https://news.bloomberglaw.com/litigation/taskus-employees-responsible-for-coinbase-data-breach-suit-says,2025-10-24,"pozew zbiorowy Estrada v. TaskUs / MDL Coinbase (SDNY), w poprawionym pozwie zarzut ukrycia naruszenia w dokumentach SEC"
TASK,top_customer_share,0.26,https://www.sec.gov/Archives/edgar/data/1829864/000182986426000012/task-20251231.htm,2025-12-31,10-K 2025: Meta 26% przychodów (poniżej progu 30%)
NXDR,legal,true,https://www.sec.gov/Archives/edgar/data/0001846069/000184606926000098/nxdr-20260331.htm,2026-03-31,"pozew zbiorowy akcjonariuszy z 02.2024 (N.D. Cal.), w toku według 10-Q za I kw. 2026"
AEO,one_off,true,https://fashionunited.com/news/business/tariff-refunds-boost-american-eagle-outfitters-q2-performance/2026091074535,2026-08-01,zwrot ceł IEEPA: 161 mln USD netto w wyniku operacyjnym II kw. FY2026; FCF bez niego nadal dodatni
CLFD,catalyst,"Zamówienie od operatora centrów danych hyperscale ok. 22 mln USD (sierpień 2026), dostawy od początku FY2027",https://www.globenewswire.com/news-release/2026/08/05/3339627/0/en/Clearfield-Reports-Third-Quarter-Fiscal-2026-Results.html,2026-08-05,komunikat wynikowy III kw. FY2026
CLFD,top_customer_share,0.18,https://www.sec.gov/Archives/edgar/data/796505/000117184325007594/clfd20250930_10k.htm,2025-09-30,10-K FY2025: największy klient (dystrybutor) 18% sprzedaży
