ticker,spolka,sektor,kapitalizacja_usd,p_fcf,wzrost_przychodow_rr,beta,odleglosc_od_szczytu,short_float,days_to_cover,pkt_fundamenty,pkt_technika,pkt_squeeze,pkt_katalizator,kary,wynik,opis_kar,dyskwalifikacja,top10,data_kursu,okres_sprawozdania,zrodla
CLFD,Clearfield Inc. Common Stock,Technology,"442,468,878",60.2,13.2%,1.44,-38.3%,12.3%,10.7,1,2,1,2,0,6,,,tak,2026-10-08,przychody kw. do 2026-06-30; FCF TTM do 2026-06-30,"sources.csv (ticker=CLFD); kurs: Yahoo Finance chart API; finanse: Yahoo; short: Finviz / Nasdaq, rozliczenie 2026-09-15"
EGHT,8x8 Inc Common Stock,Technology,"310,975,212",6.7,4.9%,2.21,-25.0%,2.5%,2.5,2,2,0,1,0,5,,,tak,2026-10-08,przychody kw. do 2026-06-30; FCF TTM do 2026-06-30,"sources.csv (ticker=EGHT); kurs: Yahoo Finance chart API; finanse: Yahoo; short: Finviz / Nasdaq, rozliczenie 2026-09-15"
CERT,Certara Inc. Common Stock,Healthcare,"1,329,791,521",24.4,1.0%,1.80,-34.4%,29.7%,15.0,1,1,2,1,0,5,,,tak,2026-10-08,przychody kw. do 2026-06-30; FCF TTM do 2026-06-30,"sources.csv (ticker=CERT); kurs: Yahoo Finance chart API; finanse: Yahoo; short: Finviz / Nasdaq, rozliczenie 2026-09-15"
ALLT,Allot Ltd. Ordinary Shares,Technology,"396,551,089",13.7,15.3%,1.71,-32.0%,2.9%,4.2,3,2,0,1,-2,4,rozwodnienie (S-3/ATM/emisja/rejestracja) (-2),,tak,2026-10-08,przychody kw. do 2026-06-30; FCF TTM do 2026-06-30,"sources.csv (ticker=ALLT); kurs: Yahoo Finance chart API; finanse: Yahoo; short: Finviz / Nasdaq, rozliczenie 2026-09-15"
INOD,Innodata Inc. Common Stock,Technology,"2,127,186,917",11.6,57.8%,4.06,-50.6%,14.8%,6.1,3,1,1,1,-3,3,rozwodnienie (S-3/ATM/emisja/rejestracja) (-2) | sprzedaż insiderów > 1 mln USD / 90 dni (-1),rozwodnienie przy kandydacie na squeeze,,2026-10-08,przychody kw. do 2026-06-30; FCF TTM do 2026-06-30,"sources.csv (ticker=INOD); kurs: Yahoo Finance chart API; finanse: Yahoo; short: Finviz / Nasdaq, rozliczenie 2026-09-15"
EBS,Emergent BioSolutions Inc. Common Stock,Healthcare,"352,430,994",4.1,66.0%,2.11,-51.1%,20.3%,8.4,2,1,2,1,-3,3,rozwodnienie (S-3/ATM/emisja/rejestracja) (-2) | klient > 30% przychodów (-1),rozwodnienie przy kandydacie na squeeze,,2026-10-08,przychody kw. do 2026-06-30; FCF TTM do 2026-06-30,sources.csv (ticker=EBS); kurs: Yahoo Finance chart API; finanse: Yahoo; short: Finviz / Finviz Short Ratio
AEO,American Eagle Outfitters Inc. Common Stock,Consumer Cyclical,"2,976,430,304",8.7,7.5%,1.22,-37.5%,10.8%,3.0,2,1,0,1,-2,2,jednorazówka w wyniku (-2),,tak,2026-10-08,przychody kw. do 2026-07-31; FCF TTM do 2026-07-31,sources.csv (ticker=AEO); kurs: Yahoo Finance chart API; finanse: Yahoo; short: Finviz / Finviz Short Ratio
BAND,Bandwidth Inc. Class A Common Stock,Technology,"1,752,511,225",26.0,22.2%,1.64,-31.1%,16.0%,5.0,2,2,2,1,-5,2,jednorazówka w wyniku (-2) | rozwodnienie (S-3/ATM/emisja/rejestracja) (-2) | sprzedaż insiderów > 1 mln USD / 90 dni (-1),rozwodnienie przy kandydacie na squeeze,,2026-10-08,przychody kw. do 2026-06-30; FCF TTM do 2026-06-30,"sources.csv (ticker=BAND); kurs: Yahoo Finance chart API; finanse: Yahoo; short: Finviz / Nasdaq, rozliczenie 2026-09-15"
AMSC,American Superconductor Corporation Common Stock,Industrials,"1,535,047,003",74.8,30.0%,1.99,-55.1%,8.4%,6.0,2,2,1,1,-4,2,jednorazówka w wyniku (-2) | rozwodnienie (S-3/ATM/emisja/rejestracja) (-2),rozwodnienie przy kandydacie na squeeze,,2026-10-08,przychody kw. do 2026-06-30; FCF TTM do 2026-06-30,"sources.csv (ticker=AMSC); kurs: Yahoo Finance chart API; finanse: Yahoo; short: Finviz / Nasdaq, rozliczenie 2026-09-15"
NXDR,Nextdoor Holdings Inc. Class A Common Stock,Communication Services,"946,826,064",77.2,14.5%,1.62,-33.5%,2.8%,2.9,2,2,0,1,-3,2,pozew zbiorowy / raport short sellera / SEC (-2) | sprzedaż insiderów > 1 mln USD / 90 dni (-1),,tak,2026-10-08,przychody kw. do 2026-06-30; FCF TTM do 2026-06-30,sources.csv (ticker=NXDR); kurs: Yahoo Finance chart API; finanse: Yahoo; short: Finviz / Finviz Short Ratio
TASK,TaskUs Inc. Class A Common Stock,Technology,"723,346,493",6.0,5.0%,1.46,-27.0%,11.2%,4.8,2,2,0,1,-4,1,rozwodnienie (S-3/ATM/emisja/rejestracja) (-2) | pozew zbiorowy / raport short sellera / SEC (-2),,tak,2026-10-08,przychody kw. do 2026-06-30; FCF TTM do 2026-06-30,"sources.csv (ticker=TASK); kurs: Yahoo Finance chart API; finanse: Yahoo; short: Finviz / Nasdaq, rozliczenie 2026-09-15"
